family,relearn_corpus,n,auc_mean,auc_std,r_final_mean,r_final_std,mean_target_margin_mean,mean_target_margin_std,median_target_margin_mean,median_target_margin_std,retain_nll_mean,retain_nll_std
HLC-SG,retain_adjacent,3,0.9444444444444445,0.09622504486493759,0.05555555555555553,0.0962250448649376,-1.6564175287882488,0.03987047823484127,-1.8361117045084636,0.04356964065995936,3.611762603123983,0.0011096821410908303
HLC-SG,syntax_matched,3,0.9444444444444445,0.09622504486493759,0.05555555555555553,0.0962250448649376,-1.6565806600782607,0.04093641117837385,-1.8365602493286133,0.044508465847937745,3.613042672475179,0.001125004518938343
HLC-SG,synthetic_biography,3,0.9444444444444445,0.09622504486493759,0.05555555555555553,0.0962250448649376,-1.6575815942552354,0.04112529240654484,-1.837949275970459,0.04450335642847294,3.6125308672587075,0.0011392302934257962
NPO,retain_adjacent,3,0.7777777777777778,0.09622504486493764,0.22222222222222218,0.09622504486493764,-0.1670705477396647,0.1682517021875924,-0.48158740997314453,0.12685431930431995,3.471585750579834,1.254136116955342e-05
NPO,syntax_matched,3,0.7777777777777778,0.09622504486493764,0.22222222222222218,0.09622504486493764,-0.16434219148423934,0.16838861695940863,-0.47927125295003253,0.12727291162123813,3.4716663360595703,1.2541361169660005e-05
NPO,synthetic_biography,3,0.7777777777777778,0.09622504486493764,0.22222222222222218,0.09622504486493764,-0.1652070681254069,0.16824119248824562,-0.4806707700093587,0.1271449963847729,3.4716301759084067,1.3763038162053374e-05
